date,lines,files
2026-06-02,4436,114
2026-06-03,5284,127
2026-06-04,6294,141
2026-06-05,7496,157
2026-06-06,8929,174
2026-06-07,10635,194
2026-06-08,12668,215
2026-06-09,15089,239
2026-06-10,17972,266
2026-06-11,21407,296
2026-06-12,25498,329
2026-06-13,30370,366
2026-06-14,36174,406
2026-06-15,43088,452
2026-06-16,51322,502
2026-06-17,61130,558
2026-06-18,65882,613
2026-06-19,65882,613
2026-06-20,73717,685
2026-06-21,87919,815
2026-06-22,97027,889
2026-06-23,109176,976
2026-06-24,112579,996
2026-06-25,123966,1064
2026-06-26,130205,1090
2026-06-27,140190,1140
2026-06-28,147448,1167
2026-06-29,149119,1181
2026-06-30,159394,1252
2026-07-01,173453,1335
2026-07-02,181233,1373
2026-07-03,196108,1470
2026-07-04,207471,1537
2026-07-05,220177,1629
2026-07-06,230421,1736
2026-07-07,240495,1853
2026-07-08,250212,1911
2026-07-09,257015,1943
2026-07-10,264765,1988
2026-07-11,270253,2029
2026-07-12,275409,2084
2026-07-13,276872,2116
2026-07-14,281019,2142
2026-07-15,295593,2263
2026-07-16,297929,2275
2026-07-17,308912,2348
2026-07-18,311657,2363
2026-07-19,321058,2433
2026-07-20,331646,2487
2026-07-21,329860,2533
2026-07-22,337283,2546
2026-07-23,354295,2641
2026-07-24,366677,2691
2026-07-25,366285,2662
2026-07-26,366332,2662
2026-07-27,366332,2662
2026-07-28,369577,2707
2026-07-29,370956,2695
2026-07-30,385873,2780
2026-07-31,417349,2908
2026-08-01,424040,2949
2026-08-05,430541,2988
